"date_time","uni_meteo"
2022-12-01 00:00:00,6.741834
2022-12-01 01:00:00,6.475593
2022-12-01 02:00:00,6.291602
2022-12-01 03:00:00,6.276065
2022-12-01 04:00:00,5.895296
2022-12-01 05:00:00,5.064729
2022-12-01 06:00:00,4.590568
2022-12-01 07:00:00,4.320989
2022-12-01 08:00:00,4.308525
2022-12-01 09:00:00,4.414233
2022-12-01 10:00:00,4.469435
2022-12-01 11:00:00,4.69073
2022-12-01 12:00:00,4.694484
2022-12-01 13:00:00,4.718889
2022-12-01 14:00:00,4.853771
2022-12-01 15:00:00,4.898016
2022-12-01 16:00:00,4.494222
2022-12-01 17:00:00,4.127056
2022-12-01 18:00:00,3.852665
2022-12-01 19:00:00,3.732428
2022-12-01 20:00:00,3.682294
2022-12-01 21:00:00,3.589129
2022-12-01 22:00:00,3.523978
2022-12-01 23:00:00,3.457879
2022-12-02 00:00:00,3.553028
2022-12-02 01:00:00,3.482018
2022-12-02 02:00:00,3.554556
2022-12-02 03:00:00,3.473666
2022-12-02 04:00:00,3.421119
2022-12-02 05:00:00,3.388912
2022-12-02 06:00:00,3.36434
2022-12-02 07:00:00,3.433882
2022-12-02 08:00:00,3.526011
2022-12-02 09:00:00,3.513647
2022-12-02 10:00:00,3.705839
2022-12-02 11:00:00,3.733198
2022-12-02 12:00:00,3.763519
2022-12-02 13:00:00,3.82483
2022-12-02 14:00:00,3.892128
2022-12-02 15:00:00,4.192416
2022-12-02 16:00:00,4.437761
2022-12-02 17:00:00,4.4327
2022-12-02 18:00:00,4.112446
2022-12-02 19:00:00,4.149654
2022-12-02 20:00:00,4.035078
2022-12-02 21:00:00,4.028183
2022-12-02 22:00:00,4.075351
2022-12-02 23:00:00,4.04884
2022-12-03 00:00:00,3.762864
2022-12-03 01:00:00,2.693049
2022-12-03 02:00:00,2.1981
2022-12-03 03:00:00,1.941597
2022-12-03 04:00:00,1.339951
2022-12-03 05:00:00,1.23819
2022-12-03 06:00:00,1.1611
2022-12-03 07:00:00,1.092353
2022-12-03 08:00:00,1.195379
2022-12-03 09:00:00,0.8723278
2022-12-03 10:00:00,0.9737763
2022-12-03 11:00:00,1.619244
2022-12-03 12:00:00,2.09583
2022-12-03 13:00:00,2.38309
2022-12-03 14:00:00,2.413653
2022-12-03 15:00:00,2.674166
2022-12-03 16:00:00,2.967752
2022-12-03 17:00:00,3.102343
2022-12-03 18:00:00,3.066444
2022-12-03 19:00:00,2.939875
2022-12-03 20:00:00,2.939617
2022-12-03 21:00:00,2.870435
2022-12-03 22:00:00,2.514338
2022-12-03 23:00:00,1.773543
2022-12-04 00:00:00,1.473955
2022-12-04 01:00:00,1.469326
2022-12-04 02:00:00,1.417214
2022-12-04 03:00:00,1.574804
2022-12-04 04:00:00,1.77995
2022-12-04 05:00:00,1.990597
2022-12-04 06:00:00,1.956539
2022-12-04 07:00:00,1.730489
2022-12-04 08:00:00,1.480688
2022-12-04 09:00:00,1.536442
2022-12-04 10:00:00,1.99265
2022-12-04 11:00:00,1.999697
2022-12-04 12:00:00,2.248082
2022-12-04 13:00:00,2.132312
2022-12-04 14:00:00,2.207558
2022-12-04 15:00:00,2.387842
2022-12-04 16:00:00,2.374222
2022-12-04 17:00:00,2.39954
2022-12-04 18:00:00,2.262672
2022-12-04 19:00:00,2.206795
2022-12-04 20:00:00,2.322129
2022-12-04 21:00:00,2.415172
2022-12-04 22:00:00,2.552222
2022-12-04 23:00:00,2.689486
2022-12-05 00:00:00,2.59751
2022-12-05 01:00:00,2.687596
2022-12-05 02:00:00,2.734189
2022-12-05 03:00:00,2.768579
2022-12-05 04:00:00,3.0805
2022-12-05 05:00:00,3.567575
2022-12-05 06:00:00,4.335118
2022-12-05 07:00:00,4.834008
2022-12-05 08:00:00,4.968937
2022-12-05 09:00:00,5.19015
2022-12-05 10:00:00,5.563104
2022-12-05 11:00:00,6.034515
2022-12-05 12:00:00,6.54693
2022-12-05 13:00:00,7.0296
2022-12-05 14:00:00,6.771134
2022-12-05 15:00:00,6.587197
2022-12-05 16:00:00,6.811533
2022-12-05 17:00:00,6.341658
2022-12-05 18:00:00,5.902383
2022-12-05 19:00:00,5.519308
2022-12-05 20:00:00,5.259117
2022-12-05 21:00:00,4.927389
2022-12-05 22:00:00,4.134347
2022-12-05 23:00:00,3.428268
2022-12-06 00:00:00,3.290557
2022-12-06 01:00:00,3.19879
2022-12-06 02:00:00,2.575342
2022-12-06 03:00:00,1.719265
2022-12-06 04:00:00,1.366658
2022-12-06 05:00:00,1.435086
2022-12-06 06:00:00,1.693658
2022-12-06 07:00:00,2.21498
2022-12-06 08:00:00,2.462681
2022-12-06 09:00:00,2.775807
2022-12-06 10:00:00,3.149965
2022-12-06 11:00:00,4.00609
2022-12-06 12:00:00,5.772594
2022-12-06 13:00:00,7.12378
2022-12-06 14:00:00,7.092087
2022-12-06 15:00:00,5.756449
2022-12-06 16:00:00,5.495757
2022-12-06 17:00:00,5.158994
2022-12-06 18:00:00,4.375793
2022-12-06 19:00:00,4.132305
2022-12-06 20:00:00,3.989794
2022-12-06 21:00:00,3.925447
2022-12-06 22:00:00,3.751092
2022-12-06 23:00:00,3.469447
2022-12-07 00:00:00,3.410037
2022-12-07 01:00:00,3.466996
2022-12-07 02:00:00,3.489524
2022-12-07 03:00:00,3.571596
2022-12-07 04:00:00,3.38294
2022-12-07 05:00:00,3.388988
2022-12-07 06:00:00,3.248986
2022-12-07 07:00:00,3.114462
2022-12-07 08:00:00,2.775213
2022-12-07 09:00:00,2.091926
2022-12-07 10:00:00,1.66975
2022-12-07 11:00:00,2.944679
2022-12-07 12:00:00,4.682969
2022-12-07 13:00:00,7.281622
2022-12-07 14:00:00,7.525032
2022-12-07 15:00:00,6.267508
2022-12-07 16:00:00,5.676166
2022-12-07 17:00:00,5.064336
2022-12-07 18:00:00,3.89553
2022-12-07 19:00:00,2.526828
2022-12-07 20:00:00,2.022923
2022-12-07 21:00:00,1.207197
2022-12-07 22:00:00,0.6056041
2022-12-07 23:00:00,0.2343097
2022-12-08 00:00:00,0.9477944
2022-12-08 01:00:00,1.084751
2022-12-08 02:00:00,0.6866847
2022-12-08 03:00:00,0.1693458
2022-12-08 04:00:00,-0.3764875
2022-12-08 05:00:00,-0.505843
2022-12-08 06:00:00,-0.6355472
2022-12-08 07:00:00,-1.096706
2022-12-08 08:00:00,-0.9935597
2022-12-08 09:00:00,-1.087806
2022-12-08 10:00:00,-0.390093
2022-12-08 11:00:00,0.7803361
2022-12-08 12:00:00,0.870743
2022-12-08 13:00:00,0.8423916
2022-12-08 14:00:00,1.957529
2022-12-08 15:00:00,2.58214
2022-12-08 16:00:00,2.616712
2022-12-08 17:00:00,1.940424
2022-12-08 18:00:00,0.8628514
2022-12-08 19:00:00,0.2747903
2022-12-08 20:00:00,-0.1517597
2022-12-08 21:00:00,-0.4625541
2022-12-08 22:00:00,-0.8768652
2022-12-08 23:00:00,-1.014303
2022-12-09 00:00:00,-0.7599846
2022-12-09 01:00:00,-0.9633805
2022-12-09 02:00:00,-1.570937
2022-12-09 03:00:00,-1.775949
2022-12-09 04:00:00,-1.751751
2022-12-09 05:00:00,-1.878639
2022-12-09 06:00:00,-1.920279
2022-12-09 07:00:00,-1.995608
2022-12-09 08:00:00,-1.812693
2022-12-09 09:00:00,-1.562987
2022-12-09 10:00:00,-1.156326
2022-12-09 11:00:00,-0.919361
2022-12-09 12:00:00,-0.4948333
2022-12-09 13:00:00,-0.0860111
2022-12-09 14:00:00,0.0066875
2022-12-09 15:00:00,0.3424208
2022-12-09 16:00:00,0.4457333
2022-12-09 17:00:00,0.1867458
2022-12-09 18:00:00,0.0141
2022-12-09 19:00:00,-0.006377777
2022-12-09 20:00:00,0.1673653
2022-12-09 21:00:00,0.3188722
2022-12-09 22:00:00,0.4910292
2022-12-09 23:00:00,0.5762597
2022-12-10 00:00:00,0.640943
2022-12-10 01:00:00,0.5589041
2022-12-10 02:00:00,0.6768722
2022-12-10 03:00:00,0.7033653
2022-12-10 04:00:00,0.7988694
2022-12-10 05:00:00,0.7813499
2022-12-10 06:00:00,0.6804764
2022-12-10 07:00:00,0.6744638
2022-12-10 08:00:00,0.4925291
2022-12-10 09:00:00,0.4611083
2022-12-10 10:00:00,0.4783944
2022-12-10 11:00:00,0.5106167
2022-12-10 12:00:00,0.5042347
2022-12-10 13:00:00,0.4747486
2022-12-10 14:00:00,0.3865
2022-12-10 15:00:00,0.3565861
2022-12-10 16:00:00,0.3032014
2022-12-10 17:00:00,0.2207417
2022-12-10 18:00:00,0.1865653
2022-12-10 19:00:00,0.2045167
2022-12-10 20:00:00,0.1022556
2022-12-10 21:00:00,-0.01227917
2022-12-10 22:00:00,-0.6256042
2022-12-10 23:00:00,-0.860261
2022-12-11 00:00:00,-1.442522
2022-12-11 01:00:00,-1.817744
2022-12-11 02:00:00,-2.014372
2022-12-11 03:00:00,-1.8405
2022-12-11 04:00:00,-1.824236
2022-12-11 05:00:00,-1.760092
2022-12-11 06:00:00,-1.751418
2022-12-11 07:00:00,-1.973211
2022-12-11 08:00:00,-2.640575
2022-12-11 09:00:00,-3.486011
2022-12-11 10:00:00,-3.070671
2022-12-11 11:00:00,-2.639385
2022-12-11 12:00:00,-1.725108
2022-12-11 13:00:00,-0.3880416
2022-12-11 14:00:00,-1.471429
2022-12-11 15:00:00,-2.059539
2022-12-11 16:00:00,-2.189785
2022-12-11 17:00:00,-2.520288
2022-12-11 18:00:00,-2.840087
2022-12-11 19:00:00,-3.462634
2022-12-11 20:00:00,-4.115764
2022-12-11 21:00:00,-4.467978
2022-12-11 22:00:00,-4.589989
2022-12-11 23:00:00,-4.950735
2022-12-12 00:00:00,-5.080329
2022-12-12 01:00:00,-5.051743
2022-12-12 02:00:00,-5.965429
2022-12-12 03:00:00,-6.408105
2022-12-12 04:00:00,-6.641414
2022-12-12 05:00:00,-6.911887
2022-12-12 06:00:00,-6.636102
2022-12-12 07:00:00,-6.349211
2022-12-12 08:00:00,-6.46658
2022-12-12 09:00:00,-6.864787
2022-12-12 10:00:00,-6.505208
2022-12-12 11:00:00,-5.887458
2022-12-12 12:00:00,-5.1606
2022-12-12 13:00:00,-4.946812
2022-12-12 14:00:00,-4.709947
2022-12-12 15:00:00,-4.236019
2022-12-12 16:00:00,-4.215596
2022-12-12 17:00:00,-4.653959
2022-12-12 18:00:00,-5.096144
2022-12-12 19:00:00,-5.13359
2022-12-12 20:00:00,-5.842604
2022-12-12 21:00:00,-6.168672
2022-12-12 22:00:00,-5.864932
2022-12-12 23:00:00,-5.632204
2022-12-13 00:00:00,-5.539572
2022-12-13 01:00:00,-5.983845
2022-12-13 02:00:00,-6.392283
2022-12-13 03:00:00,-6.121738
2022-12-13 04:00:00,-6.238309
2022-12-13 05:00:00,-6.282479
2022-12-13 06:00:00,-6.175267
2022-12-13 07:00:00,-6.472689
2022-12-13 08:00:00,-6.547093
2022-12-13 09:00:00,-6.442184
2022-12-13 10:00:00,-6.266809
2022-12-13 11:00:00,-5.621343
2022-12-13 12:00:00,-4.881783
2022-12-13 13:00:00,-4.626564
2022-12-13 14:00:00,-4.561198
2022-12-13 15:00:00,-4.255079
2022-12-13 16:00:00,-3.976516
2022-12-13 17:00:00,-3.827242
2022-12-13 18:00:00,-3.643767
2022-12-13 19:00:00,-3.522916
2022-12-13 20:00:00,-3.297714
2022-12-13 21:00:00,-3.056254
2022-12-13 22:00:00,-3.003824
2022-12-13 23:00:00,-2.932732
2022-12-14 00:00:00,-2.872574
2022-12-14 01:00:00,-2.721529
2022-12-14 02:00:00,-2.401255
2022-12-14 03:00:00,-2.084461
2022-12-14 04:00:00,-2.040569
2022-12-14 05:00:00,-2.134373
2022-12-14 06:00:00,-1.774032
2022-12-14 07:00:00,-1.641535
2022-12-14 08:00:00,-1.644218
2022-12-14 09:00:00,-1.559824
2022-12-14 10:00:00,-1.432818
2022-12-14 11:00:00,-1.06854
2022-12-14 12:00:00,-0.6637208
2022-12-14 13:00:00,-0.4201583
2022-12-14 14:00:00,-0.3295291
2022-12-14 15:00:00,-0.1466958
2022-12-14 16:00:00,0.007943055
2022-12-14 17:00:00,0.03414861
2022-12-14 18:00:00,-0.03237361
2022-12-14 19:00:00,-0.02672639
2022-12-14 20:00:00,0.1375458
2022-12-14 21:00:00,0.3479903
2022-12-14 22:00:00,0.1979014
2022-12-14 23:00:00,-0.05204444
2022-12-15 00:00:00,-0.231775
2022-12-15 01:00:00,-0.5828319
2022-12-15 02:00:00,-0.7343042
2022-12-15 03:00:00,-0.8173416
2022-12-15 04:00:00,-0.863936
2022-12-15 05:00:00,-0.9034042
2022-12-15 06:00:00,-1.030613
2022-12-15 07:00:00,-1.144365
2022-12-15 08:00:00,-1.378376
2022-12-15 09:00:00,-1.682512
2022-12-15 10:00:00,-1.550414
2022-12-15 11:00:00,-1.319251
2022-12-15 12:00:00,-1.376103
2022-12-15 13:00:00,-1.24195
2022-12-15 14:00:00,-1.068965
2022-12-15 15:00:00,-1.106683
2022-12-15 16:00:00,-1.079594
2022-12-15 17:00:00,-1.226394
2022-12-15 18:00:00,-1.284747
2022-12-15 19:00:00,-1.285151
2022-12-15 20:00:00,-1.253343
2022-12-15 21:00:00,-1.443833
2022-12-15 22:00:00,-1.712354
2022-12-15 23:00:00,-1.942365
2022-12-16 00:00:00,-1.913455
2022-12-16 01:00:00,-1.959253
2022-12-16 02:00:00,-1.992397
2022-12-16 03:00:00,-1.977115
2022-12-16 04:00:00,-1.944236
2022-12-16 05:00:00,-1.977774
2022-12-16 06:00:00,-2.098214
2022-12-16 07:00:00,-2.132178
2022-12-16 08:00:00,-2.30416
2022-12-16 09:00:00,-2.275694
2022-12-16 10:00:00,-2.103833
2022-12-16 12:00:00,-2.197072
2022-12-16 13:00:00,-1.962405
2022-12-16 14:00:00,-1.788321
2022-12-16 15:00:00,-1.948615
2022-12-16 16:00:00,-2.169789
2022-12-16 17:00:00,-2.154246
2022-12-16 18:00:00,-2.290126
2022-12-16 19:00:00,-2.268185
2022-12-16 20:00:00,-2.230748
2022-12-16 21:00:00,-2.32823
2022-12-16 22:00:00,-2.396519
2022-12-16 23:00:00,-2.670025
2022-12-17 00:00:00,-2.726268
2022-12-17 01:00:00,-3.385197
2022-12-17 02:00:00,-3.426805
2022-12-17 03:00:00,-4.524073
2022-12-17 04:00:00,-4.898382
2022-12-17 05:00:00,-5.726861
2022-12-17 06:00:00,-5.928022
2022-12-17 07:00:00,-6.207372
2022-12-17 08:00:00,-6.763938
2022-12-17 09:00:00,-6.929988
2022-12-17 10:00:00,-6.559744
2022-12-17 11:00:00,-5.605101
2022-12-17 12:00:00,-5.131102
2022-12-17 13:00:00,-5.022275
2022-12-17 14:00:00,-4.77537
2022-12-17 15:00:00,-4.759596
2022-12-17 16:00:00,-4.778307
2022-12-17 17:00:00,-4.840315
2022-12-17 18:00:00,-5.072068
2022-12-17 19:00:00,-5.25005
2022-12-17 20:00:00,-5.511129
2022-12-17 21:00:00,-5.711137
2022-12-17 22:00:00,-5.556339
2022-12-17 23:00:00,-5.704912
2022-12-18 00:00:00,-5.984562
2022-12-18 01:00:00,-6.010697
2022-12-18 02:00:00,-6.905167
2022-12-18 03:00:00,-7.369768
2022-12-18 04:00:00,-7.393237
2022-12-18 05:00:00,-7.660927
2022-12-18 06:00:00,-8.27877
2022-12-18 07:00:00,-8.757442
2022-12-18 08:00:00,-9.011938
2022-12-18 09:00:00,-9.081523
2022-12-18 10:00:00,-8.746411
2022-12-18 11:00:00,-7.07958
2022-12-18 12:00:00,-5.014332
2022-12-18 13:00:00,-3.136419
2022-12-18 14:00:00,-2.676901
2022-12-18 15:00:00,-2.238465
2022-12-18 16:00:00,-2.197686
2022-12-18 17:00:00,-2.332528
2022-12-18 18:00:00,-2.374383
2022-12-18 19:00:00,-2.148349
2022-12-18 20:00:00,-2.13636
2022-12-18 21:00:00,-2.017931
2022-12-18 22:00:00,-1.731328
2022-12-18 23:00:00,-1.524325
2022-12-19 00:00:00,-1.047772
2022-12-19 01:00:00,-0.1746528
2022-12-19 02:00:00,0.8768542
2022-12-19 03:00:00,0.6824208
2022-12-19 04:00:00,1.234888
2022-12-19 05:00:00,1.479936
2022-12-19 06:00:00,1.737069
2022-12-19 07:00:00,2.253699
2022-12-19 08:00:00,2.559872
2022-12-19 09:00:00,2.572011
2022-12-19 10:00:00,2.857153
2022-12-19 11:00:00,4.265621
2022-12-19 12:00:00,5.662546
2022-12-19 13:00:00,6.810816
2022-12-19 14:00:00,7.435743
2022-12-19 15:00:00,7.986137
2022-12-19 16:00:00,7.456306
2022-12-19 17:00:00,6.762332
2022-12-19 18:00:00,6.319284
2022-12-19 19:00:00,6.111673
2022-12-19 20:00:00,6.151315
2022-12-19 21:00:00,6.254126
2022-12-19 22:00:00,6.158794
2022-12-19 23:00:00,5.990012
2022-12-20 00:00:00,6.229197
2022-12-20 01:00:00,6.092799
2022-12-20 02:00:00,5.907382
2022-12-20 03:00:00,5.849266
2022-12-20 04:00:00,6.389841
2022-12-20 05:00:00,6.748782
2022-12-20 06:00:00,6.481144
2022-12-20 07:00:00,6.766961
2022-12-20 08:00:00,7.348512
2022-12-20 09:00:00,6.980055
2022-12-20 10:00:00,7.127158
2022-12-20 11:00:00,8.184133
2022-12-20 12:00:00,9.288453
2022-12-20 13:00:00,10.72778
2022-12-20 14:00:00,12.93769
2022-12-20 15:00:00,14.04114
2022-12-20 16:00:00,13.47233
2022-12-20 17:00:00,11.72104
2022-12-20 18:00:00,10.77577
2022-12-20 19:00:00,9.790984
2022-12-20 20:00:00,9.506657
2022-12-20 21:00:00,9.369766
2022-12-20 22:00:00,9.154654
2022-12-20 23:00:00,9.232674
2022-12-21 00:00:00,9.319796
2022-12-21 01:00:00,10.36825
2022-12-21 02:00:00,11.435
2022-12-21 03:00:00,11.59193
2022-12-21 04:00:00,11.44683
2022-12-21 05:00:00,11.50147
2022-12-21 06:00:00,11.29721
2022-12-21 07:00:00,10.74327
2022-12-21 08:00:00,11.33819
2022-12-21 09:00:00,12.02443
2022-12-21 10:00:00,11.28283
2022-12-21 11:00:00,11.72655
2022-12-21 12:00:00,12.26063
2022-12-21 13:00:00,13.18215
2022-12-21 14:00:00,12.74404
2022-12-21 15:00:00,13.08126
2022-12-21 16:00:00,12.91202
2022-12-21 17:00:00,12.4887
2022-12-21 18:00:00,12.49425
2022-12-21 19:00:00,12.35353
2022-12-21 20:00:00,12.16657
2022-12-21 21:00:00,12.33456
2022-12-21 22:00:00,12.67094
2022-12-21 23:00:00,13.23432
2022-12-22 00:00:00,13.20832
2022-12-22 01:00:00,12.88538
2022-12-22 02:00:00,12.18317
2022-12-22 03:00:00,12.09998
2022-12-22 04:00:00,12.69793
2022-12-22 05:00:00,13.29752
2022-12-22 06:00:00,13.17403
2022-12-22 07:00:00,12.9894
2022-12-22 08:00:00,12.85774
2022-12-22 09:00:00,12.50157
2022-12-22 10:00:00,11.96929
2022-12-22 11:00:00,11.91192
2022-12-22 12:00:00,12.30327
2022-12-22 13:00:00,12.24118
2022-12-22 14:00:00,12.47435
2022-12-22 15:00:00,11.83437
2022-12-22 16:00:00,11.5397
2022-12-22 17:00:00,12.07903
2022-12-22 18:00:00,12.35039
2022-12-22 19:00:00,12.3259
2022-12-22 20:00:00,12.8288
2022-12-22 21:00:00,11.79574
2022-12-22 22:00:00,11.08613
2022-12-22 23:00:00,11.10988
2022-12-23 00:00:00,12.06724
2022-12-23 01:00:00,12.71264
2022-12-23 02:00:00,13.10361
2022-12-23 03:00:00,13.48676
2022-12-23 04:00:00,13.68697
2022-12-23 05:00:00,13.8336
2022-12-23 06:00:00,13.78994
2022-12-23 07:00:00,13.7721
2022-12-23 08:00:00,13.76998
2022-12-23 09:00:00,13.92754
2022-12-23 10:00:00,13.45498
2022-12-23 11:00:00,13.62669
2022-12-23 12:00:00,13.44703
2022-12-23 13:00:00,13.51815
2022-12-23 14:00:00,14.12921
2022-12-23 15:00:00,14.27068
2022-12-23 16:00:00,14.31532
2022-12-23 17:00:00,14.35444
2022-12-23 18:00:00,14.30507
2022-12-23 19:00:00,14.1156
2022-12-23 20:00:00,14.30294
2022-12-23 21:00:00,14.34113
2022-12-23 22:00:00,14.21872
2022-12-23 23:00:00,13.83464
2022-12-24 00:00:00,13.49239
2022-12-24 01:00:00,13.24609
2022-12-24 02:00:00,13.02444
2022-12-24 03:00:00,12.70962
2022-12-24 04:00:00,12.50778
2022-12-24 05:00:00,12.09171
2022-12-24 06:00:00,11.9218
2022-12-24 07:00:00,11.80606
2022-12-24 08:00:00,11.68577
2022-12-24 09:00:00,11.54986
2022-12-24 10:00:00,11.78221
2022-12-24 11:00:00,12.17323
2022-12-24 12:00:00,12.37302
2022-12-24 13:00:00,13.35639
2022-12-24 14:00:00,12.74663
2022-12-24 15:00:00,12.59131
2022-12-24 16:00:00,12.31998
2022-12-24 17:00:00,11.933
2022-12-24 18:00:00,11.65924
2022-12-24 19:00:00,11.05061
2022-12-24 20:00:00,10.72652
2022-12-24 21:00:00,10.50213
2022-12-24 22:00:00,10.16215
2022-12-24 23:00:00,9.485571
2022-12-25 00:00:00,9.282638
2022-12-25 01:00:00,9.315781
2022-12-25 02:00:00,9.524894
2022-12-25 03:00:00,9.763818
2022-12-25 04:00:00,9.921157
2022-12-25 05:00:00,9.943837
2022-12-25 06:00:00,10.18417
2022-12-25 07:00:00,10.44041
2022-12-25 08:00:00,10.10346
2022-12-25 09:00:00,9.56719
2022-12-25 10:00:00,9.311333
2022-12-25 11:00:00,10.29703
2022-12-25 12:00:00,10.90678
2022-12-25 13:00:00,12.15159
2022-12-25 14:00:00,14.14566
2022-12-25 15:00:00,14.63833
2022-12-25 16:00:00,14.74152
2022-12-25 17:00:00,14.4645
2022-12-25 18:00:00,15.06242
2022-12-25 19:00:00,14.76622
2022-12-25 20:00:00,14.65618
2022-12-25 21:00:00,14.49989
2022-12-25 22:00:00,14.36165
2022-12-25 23:00:00,14.60257
2022-12-26 00:00:00,14.91109
2022-12-26 01:00:00,14.95534
2022-12-26 02:00:00,15.06842
2022-12-26 03:00:00,14.98686
2022-12-26 04:00:00,14.98319
2022-12-26 05:00:00,14.897
2022-12-26 06:00:00,15.11811
2022-12-26 07:00:00,15.04478
2022-12-26 08:00:00,14.90279
2022-12-26 09:00:00,14.56486
2022-12-26 10:00:00,12.75547
2022-12-26 11:00:00,12.23124
2022-12-26 12:00:00,11.58195
2022-12-26 13:00:00,11.17812
2022-12-26 14:00:00,10.77092
2022-12-26 15:00:00,10.7434
2022-12-26 16:00:00,11.18437
2022-12-26 17:00:00,11.46825
2022-12-26 18:00:00,11.57049
2022-12-26 19:00:00,11.77821
2022-12-26 20:00:00,11.33547
2022-12-26 21:00:00,9.521419
2022-12-26 22:00:00,9.545327
2022-12-26 23:00:00,9.449321
2022-12-27 00:00:00,8.849746
2022-12-27 01:00:00,8.163546
2022-12-27 02:00:00,7.334934
2022-12-27 03:00:00,6.259552
2022-12-27 04:00:00,5.093658
2022-12-27 05:00:00,4.822276
2022-12-27 06:00:00,4.785382
2022-12-27 07:00:00,4.470964
2022-12-27 08:00:00,4.100405
2022-12-27 09:00:00,4.010137
2022-12-27 10:00:00,4.12117
2022-12-27 11:00:00,4.642118
2022-12-27 12:00:00,6.061937
2022-12-27 13:00:00,8.863093
2022-12-27 14:00:00,9.724076
2022-12-27 15:00:00,8.839865
2022-12-27 16:00:00,8.565703
2022-12-27 17:00:00,8.003198
2022-12-27 18:00:00,6.697997
2022-12-27 19:00:00,5.428122
2022-12-27 20:00:00,4.474233
2022-12-27 21:00:00,3.785289
2022-12-27 22:00:00,3.21055
2022-12-27 23:00:00,2.887763
2022-12-28 00:00:00,2.878244
2022-12-28 01:00:00,2.788985
2022-12-28 02:00:00,3.221871
2022-12-28 03:00:00,3.76379
2022-12-28 04:00:00,4.752697
2022-12-28 05:00:00,7.528674
2022-12-28 06:00:00,8.918379
2022-12-28 07:00:00,8.724391
2022-12-28 08:00:00,8.425273
2022-12-28 09:00:00,8.534768
2022-12-28 10:00:00,8.67031
2022-12-28 11:00:00,9.583802
2022-12-28 12:00:00,10.43073
2022-12-28 13:00:00,10.80257
2022-12-28 14:00:00,12.09739
2022-12-28 15:00:00,12.40394
2022-12-28 16:00:00,11.35385
2022-12-28 17:00:00,11.3722
2022-12-28 18:00:00,11.94816
2022-12-28 19:00:00,12.14198
2022-12-28 20:00:00,13.45601
2022-12-28 21:00:00,13.94037
2022-12-28 22:00:00,13.4906
2022-12-28 23:00:00,13.68241
2022-12-29 00:00:00,14.08383
2022-12-29 01:00:00,14.31633
2022-12-29 02:00:00,14.31304
2022-12-29 03:00:00,13.75267
2022-12-29 04:00:00,13.18009
2022-12-29 05:00:00,12.98457
2022-12-29 06:00:00,12.99547
2022-12-29 07:00:00,13.7832
2022-12-29 08:00:00,14.28362
2022-12-29 09:00:00,14.49576
2022-12-29 10:00:00,14.18121
2022-12-29 11:00:00,13.72856
2022-12-29 12:00:00,12.89909
2022-12-29 13:00:00,13.18382
2022-12-29 14:00:00,13.47093
2022-12-29 15:00:00,13.46525
2022-12-29 16:00:00,13.06324
2022-12-29 17:00:00,12.74867
2022-12-29 18:00:00,12.27598
2022-12-29 19:00:00,11.31492
2022-12-29 20:00:00,11.63205
2022-12-29 21:00:00,11.70593
2022-12-29 22:00:00,10.37907
2022-12-29 23:00:00,8.496218
2022-12-30 00:00:00,8.563638
2022-12-30 01:00:00,8.346937
2022-12-30 02:00:00,8.274323
2022-12-30 03:00:00,8.071055
2022-12-30 04:00:00,7.445782
2022-12-30 05:00:00,7.165188
2022-12-30 06:00:00,6.862617
2022-12-30 07:00:00,6.591928
2022-12-30 08:00:00,5.976428
2022-12-30 09:00:00,5.297959
2022-12-30 10:00:00,5.37878
2022-12-30 11:00:00,6.928508
2022-12-30 12:00:00,8.68047
2022-12-30 13:00:00,9.932044
2022-12-30 14:00:00,11.55197
2022-12-30 15:00:00,12.56729
2022-12-30 16:00:00,12.93395
2022-12-30 17:00:00,12.90474
2022-12-30 18:00:00,13.83558
2022-12-30 19:00:00,14.64762
2022-12-30 20:00:00,14.86887
2022-12-30 21:00:00,14.66036
2022-12-30 22:00:00,14.88481
2022-12-30 23:00:00,15.25271
2022-12-31 00:00:00,15.56152
2022-12-31 01:00:00,16.31657
2022-12-31 02:00:00,16.68085
2022-12-31 03:00:00,16.77295
2022-12-31 04:00:00,16.05547
2022-12-31 05:00:00,15.53739
2022-12-31 06:00:00,16.13201
2022-12-31 07:00:00,16.46013
2022-12-31 08:00:00,15.36133
2022-12-31 09:00:00,16.50042
2022-12-31 10:00:00,17.82544
2022-12-31 11:00:00,18.95091
2022-12-31 12:00:00,19.89621
2022-12-31 13:00:00,20.46307
2022-12-31 14:00:00,19.73154
2022-12-31 15:00:00,18.33183
2022-12-31 16:00:00,17.45058
2022-12-31 17:00:00,16.27161
2022-12-31 18:00:00,15.20529
2022-12-31 19:00:00,14.38102
2022-12-31 20:00:00,13.55638
2022-12-31 21:00:00,13.35157
2022-12-31 22:00:00,12.57352
2022-12-31 23:00:00,14.33889
2023-01-01 00:00:00,16.00598
2023-01-01 01:00:00,16.15056
2023-01-01 02:00:00,15.53346
2023-01-01 03:00:00,15.31928
2023-01-01 04:00:00,15.0755
2023-01-01 05:00:00,14.47373
2023-01-01 06:00:00,14.95939
2023-01-01 07:00:00,13.56535
2023-01-01 08:00:00,12.54956
2023-01-01 09:00:00,11.38573
2023-01-01 10:00:00,11.21392
2023-01-01 11:00:00,12.09936
2023-01-01 12:00:00,14.65719
2023-01-01 13:00:00,17.56929
2023-01-01 14:00:00,18.22739
2023-01-01 15:00:00,18.49387
2023-01-01 16:00:00,17.75851
2023-01-01 17:00:00,15.70687
2023-01-01 18:00:00,14.01093
2023-01-01 19:00:00,12.824
2023-01-01 20:00:00,13.10148
2023-01-01 21:00:00,13.80804
2023-01-01 22:00:00,13.38301
2023-01-01 23:00:00,13.39531
2023-01-02 00:00:00,13.33265
2023-01-02 01:00:00,13.05698
2023-01-02 02:00:00,12.3586
2023-01-02 03:00:00,11.30336
2023-01-02 04:00:00,10.2764
2023-01-02 05:00:00,9.658308
2023-01-02 06:00:00,10.13325
2023-01-02 07:00:00,10.84776
2023-01-02 08:00:00,10.95717
2023-01-02 09:00:00,10.80303
2023-01-02 10:00:00,10.63779
2023-01-02 11:00:00,11.96088
2023-01-02 12:00:00,15.78466
2023-01-02 13:00:00,16.17711
2023-01-02 14:00:00,16.55545
2023-01-02 15:00:00,15.81379
2023-01-02 16:00:00,14.01917
2023-01-02 17:00:00,12.65914
2023-01-02 18:00:00,13.10628
2023-01-02 19:00:00,12.71411
2023-01-02 20:00:00,11.76604
2023-01-02 21:00:00,11.35455
2023-01-02 22:00:00,10.96061
2023-01-02 23:00:00,10.18218
2023-01-03 00:00:00,9.795147
2023-01-03 01:00:00,9.626577
2023-01-03 02:00:00,9.435881
2023-01-03 03:00:00,9.246242
2023-01-03 04:00:00,9.023623
2023-01-03 05:00:00,8.864044
2023-01-03 06:00:00,8.772722
2023-01-03 07:00:00,8.578974
2023-01-03 08:00:00,8.097233
2023-01-03 09:00:00,7.709924
2023-01-03 10:00:00,7.543482
2023-01-03 11:00:00,8.05131
2023-01-03 12:00:00,8.561216
2023-01-03 13:00:00,9.813529
2023-01-03 14:00:00,11.80887
2023-01-03 15:00:00,12.2237
2023-01-03 16:00:00,11.1753
2023-01-03 17:00:00,9.699634
2023-01-03 18:00:00,8.036665
2023-01-03 19:00:00,6.694437
2023-01-03 20:00:00,5.942368
2023-01-03 21:00:00,5.272126
2023-01-03 22:00:00,4.663251
2023-01-03 23:00:00,4.089589
2023-01-04 00:00:00,3.890271
2023-01-04 01:00:00,3.654008
2023-01-04 02:00:00,3.44428
2023-01-04 03:00:00,3.052319
2023-01-04 04:00:00,3.615742
2023-01-04 05:00:00,3.856866
2023-01-04 06:00:00,4.931564
2023-01-04 07:00:00,7.875048
2023-01-04 08:00:00,9.084927
2023-01-04 09:00:00,9.43255
2023-01-04 10:00:00,8.68079
2023-01-04 11:00:00,8.43639
2023-01-04 12:00:00,9.418426
2023-01-04 13:00:00,10.21236
2023-01-04 14:00:00,10.35286
2023-01-04 15:00:00,10.14474
2023-01-04 16:00:00,10.32121
2023-01-04 17:00:00,10.24386
2023-01-04 18:00:00,10.39843
2023-01-04 19:00:00,10.71682
2023-01-04 20:00:00,11.0407
2023-01-04 21:00:00,11.15793
2023-01-04 22:00:00,11.18951
2023-01-04 23:00:00,11.10771
2023-01-05 00:00:00,11.07281
2023-01-05 01:00:00,11.10986
2023-01-05 02:00:00,11.41028
2023-01-05 03:00:00,11.00941
2023-01-05 04:00:00,10.92879
2023-01-05 05:00:00,11.02012
2023-01-05 06:00:00,10.96563
2023-01-05 07:00:00,11.12305
2023-01-05 08:00:00,11.23023
2023-01-05 09:00:00,11.38844
2023-01-05 10:00:00,11.56387
2023-01-05 11:00:00,11.76531
2023-01-05 12:00:00,12.64741
2023-01-05 13:00:00,12.6415
2023-01-05 14:00:00,13.04304
2023-01-05 15:00:00,12.99759
2023-01-05 16:00:00,12.76801
2023-01-05 17:00:00,12.52251
2023-01-05 18:00:00,12.21501
2023-01-05 19:00:00,12.0314
2023-01-05 20:00:00,11.95484
2023-01-05 21:00:00,11.90932
2023-01-05 22:00:00,11.32898
2023-01-05 23:00:00,10.67813
2023-01-06 00:00:00,10.31085
2023-01-06 01:00:00,9.690842
2023-01-06 02:00:00,9.075253
2023-01-06 03:00:00,8.255917
2023-01-06 04:00:00,7.556883
2023-01-06 05:00:00,7.033527
2023-01-06 06:00:00,6.742457
2023-01-06 07:00:00,6.844739
2023-01-06 08:00:00,7.364323
2023-01-06 09:00:00,7.431225
2023-01-06 10:00:00,8.180515
2023-01-06 11:00:00,10.18991
2023-01-06 12:00:00,11.19887
2023-01-06 13:00:00,12.69527
2023-01-06 14:00:00,13.56704
2023-01-06 15:00:00,12.62486
2023-01-06 16:00:00,11.63382
2023-01-06 17:00:00,11.15576
2023-01-06 18:00:00,10.61721
2023-01-06 19:00:00,10.30292
2023-01-06 20:00:00,10.21276
2023-01-06 21:00:00,9.936533
2023-01-06 22:00:00,9.428891
2023-01-06 23:00:00,9.052015
2023-01-07 00:00:00,8.901061
2023-01-07 01:00:00,8.849402
2023-01-07 02:00:00,8.893761
2023-01-07 03:00:00,8.818135
2023-01-07 04:00:00,8.882847
2023-01-07 05:00:00,8.89674
2023-01-07 06:00:00,8.85478
2023-01-07 07:00:00,8.613174
2023-01-07 08:00:00,8.461648
2023-01-07 09:00:00,7.944526
2023-01-07 10:00:00,7.414829
2023-01-07 11:00:00,8.360897
2023-01-07 12:00:00,10.19125
2023-01-07 13:00:00,13.21504
2023-01-07 14:00:00,15.35356
2023-01-07 15:00:00,15.04264
2023-01-07 16:00:00,13.6935
2023-01-07 17:00:00,12.7255
2023-01-07 18:00:00,11.33848
2023-01-07 19:00:00,9.150782
2023-01-07 20:00:00,8.454958
2023-01-07 21:00:00,7.807537
2023-01-07 22:00:00,7.523881
2023-01-07 23:00:00,7.170563
